{
  "IsEncrypted": false,
  "Values": {
    "FUNCTIONS_WORKER_RUNTIME": "python",
    "AzureWebJobsStorage": "DefaultEndpointsProtocol=https;AccountName=imagemetastoragedaniel;AccountKey=5KyoTKWhID+mMEHsjox+z7XV/6hdRNkWgIXUMLJK6qdvBZggIxRqj+JgB3WPp92S4AYG2OVMXqpC+ASt1Ba5Yw==;EndpointSuffix=core.windows.net",
    "SQL_CONNECTION_STRING": "Driver={ODBC Driver 18 for SQL Server};Server=tcp:cst8917-meta-sql-server.database.windows.net,1433;Database=ImageMetadataDB;Uid=adminuser;Pwd=YourPassword123!;Encrypt=yes;TrustServerCertificate=no;Connection Timeout=30;"
  }
}