{
  "IsEncrypted": false,
  "Values": {
    "FUNCTIONS_WORKER_RUNTIME": "python",
    "AzureWebJobsStorage": "DefaultEndpointsProtocol=https;AccountName=imagemetastoragedaniel;AccountKey=5KyoTKWhID+mMEHsjox+z7XV/6hdRNkWgIXUMLJK6qdvBZggIxRqj+JgB3WPp92S4AYG2OVMXqpC+ASt1Ba5Yw==;EndpointSuffix=core.windows.net",
    "SqlConnectionString": "Driver={/opt/homebrew/lib/libmsodbcsql.18.dylib};Server=tcp:cst8917-meta-sql-server.database.windows.net,1433;Initial Catalog=ImageMetadataDB;Persist Security Info=False;User ID=adminuser;Password=YourPassword123!;MultipleActiveResultSets=False;Encrypt=yes;TrustServerCertificate=no;Connection Timeout=30;"
  }
}
